にじさんじ公式,#にじさんじ
月ノ美兎,#みとの生放送,
勇気ちひろ,#ちーらいぶ,
える,#えるえる生放送,
樋口楓,#でろおんえあ,
静凛,#しずりん生放送,
渋谷ハジメ,#渋谷ハジメ生放送,
鈴谷アキ,#アキ生,
モイラ,#もいもいもい,
鈴鹿詩子,#詩子おねえさんといっしょ,
宇志海いちご,#いちご放送,
家長むぎ,#むぎむぎ生放送,
夕陽リリ,#リリ生放送,
物述有栖,#有栖のお茶会,
文野環,#のらジェット,
伏見ガク,#生アクト,
ギルザレンⅢ世,#ギルザレンIII世,
剣持刀也,#剣持刀也生,
森中花咲,#かざ生放送,
叶,#かなえーる,
赤羽葉子,#赤羽絶況チュウ,
笹木咲,#笹らいぶ,
闇夜乃モルル,#モル生放送,
本間ひまわり,#ひまなま,
魔界ノりりむ,#りりむとあそぼう,
葛葉,#くずなま,
雪汝,#雪なま,
椎名唯華,#しい生,
ドーラ,#ドーラとおはなし,
海夜叉神,#海近いもんね,
名伽尾アズマ,#アズマがはずまった,
出雲霞,#生カスミ,
轟京子,#ろき生,
シスター・クレア,#たぬさんあつまれ,
花畑チャイカ,#チャイカデラックス,
社築,#社築フィードバック,
安土桃,#あるいはLOVEでいっぱいのLIVE,
鈴木勝,#漆黒の観測者,
緑仙,#緑仙の配信,
卯月コウ,#ウヅコウ,
八朔ゆず,#ゆず生搾り,
神田笑一,#噛むなよ神田,
鳴門こがね,#鳴門こがね,
飛鳥ひな,#ひよこさん通信,
春崎エアル,#ハルライブ,
雨森小夜,#雨森と雨宿り,
鷹宮リオン,#リオ生,
舞元啓介,#まいもとなま,
竜胆尊,#みことーく,
でびでび・でびる,#でびでびるなま,
桜凛月,#生りつきーん,
町田ちま,#なま公,
月見しずく,#お月見時,
ジョー・力一,#常套句,
遠北千南,#ちなみにちなみちゃん,
成瀬鳴,#鳴OnLive,
ベルモンド・バンデラス,#ようこそデラスへ,
矢車りね,#矢車観察日記,
夢追翔,#翔onAir,
黒井しば,#しばの世話,
童田明治,#めいとひなたぼっこ,
久遠千歳,#久遠の生存記録,
郡道美玲,#教えて郡道先生,
夢月ロア,#ロアゲート,
小野町春香,#小野町旅館,
語部紡,#語部屋,
瀬戸美夜子,#せとみやライブ,
御伽原江良,#御伽の国の舞踏会,
戌亥とこ,#いぬいどんどんすきになる,
アンジュ・カトリーナ,#賢者の時間,
リゼ・ヘルエスタ,#ヘルエスタ国営放送,
三枝明那,#三枝全力配信,
愛園愛美,#愛ライブ,
鈴原るる,#すずはライブ,
雪城眞尋,#まひろおんらいぶ,
エクス・アルビオ,#生エビ,
レヴィ・エリファ,#れゔぃあたんねる,
葉山舞鈴,#生け捕り町おこし,
ニュイ・ソシエール,#にゅらいぶ,
葉加瀬冬雪,#冬雪ラボ,
加賀美ハヤト,#加賀ミーティング,
夜見れな,#れなのマジックショー,
黛灰,#ライブハック,
アルス・アルマル,#アルマルーム,
相羽ういは,#ういはいしん,
天宮こころ,#あまみゃらいぶ
エリー・コニファー,#エリーの妖精通信,
ラトナ・プティ,#ラトプテ,
早瀬走,#早瀬放走中,
健屋花那,#すこやカルテ,
シェリン・バーガンディ,#シェリンの推理ショー,
フミ,#生フミ,
星川サラ,#星川観測,
山神カルタ,#山神カタル,
えま★おうがすと,#えまと謁見,
ルイス・キャミー,#ルイスの予告状,
魔使マオ,#まおんらいぶ,
不破湊,#フワミナイト,
白雪巴,#女王のお戯れ,
グウェル・オス・ガール,#グウェルステーション,
ましろ爻,#ましろとしゃべる,
奈羅花,#ならおんえあ,
来栖夏芽,#なつめぇ牧場,
フレン・E・ルスタリオ,#ルスタリオンエア,
メリッサ・キンレンカ,#メリータイム,
イブラヒム,#イブライブ,
長尾景,#景成長中,
弦月藤士郎,#弦ノ刻,
甲斐田晴,#生き甲斐田,
空星きらめ,#きらきらいぶ,
朝日南アカネ,#あーこといっしょ,
周央サンゴ,#さんごしょー,
東堂コハク,#東堂堂々行動中,
北小路ヒスイ,#ヒストリーム,
西園チグサ,#チグサリウム,
アクシア・クローネ,#AXIALIVE,
ローレン・イロアス,#Iroastream,
レオス・ヴィンセント,#レオスの実験室,
オリバー・エバンス,#オリバー講義中,
レイン・パターソン,#レイン任務中,
天ヶ瀬むゆ,#夢遊旅行,
先斗寧,#ぽんとらいぶ,
海妹四葉,#428LIVE,
壱百満天原サロメ,#サロメ満点配信ですわ,
風楽奏斗,#ふーらいぶ
渡会雲雀,#渡会部
四季凪アキラ,#四季凪請負中
セラフ・ダズルガーデン,#セラフィルム
小清水透,#こしみず起きました
獅子堂あかり,#あかりーむ
鏑木ろこ,#かぶらきろぐ
五十嵐梨花,#五十嵐試合開始
石神のぞみ,#石神配信崇拝ストリーム
ソフィア・ヴァレンタイン,#ヴァレンタイム
倉持めると,#めるとりーむ